{
  "analysis": {
    "Aggregates": {
      "numRequestsMade": 1896,
      "numRequestsOk": 1394,
      "numRequestsFail": 3,
      "rawBytesRecv": 147523955,
      "imgBytesRecv": 109041527,
      "imgBytesSent": 14238775206,
      "totalTimeSec": 419,
      "totalCpuSeconds": 1270599,
      "bottomLine": {
        "costPerHourRetail": "9.77",
        "costPerHourReserved": "5.90",
        "costPerHourSpot": "NaN.NaN",
        "imageDataPerHourGB": 113,
        "imagesPerHour": 11977
      }
    },
    "ClientHealth": {
      "cpuUsage": {
        "type": "line",
        "data": {
          "labels": [
            0,
            30,
            60,
            90,
            120,
            150,
            180,
            210,
            240,
            270,
            300,
            330,
            360,
            390
          ],
          "datasets": [
            {
              "label": "ip-172-31-61-188",
              "data": [
                39.32584269662921,
                34.82688391038696,
                1.7435897435897463,
                5.349794238683126,
                3.1860226104830414,
                1.6210739614994973,
                1.6210739614994973,
                3.134479271991908,
                3.271983640081799,
                2.2312373225152116,
                2.9531568228105876,
                2.3373983739837345,
                1.0152284263959421,
                1.624365482233503
              ]
            },
            {
              "label": "ip-172-31-50-139",
              "data": [
                36.652977412731005,
                35.77981651376147,
                1.7435897435897463,
                1.2320328542094416,
                6.577595066803699,
                3.8461538461538436,
                2.426693629929222,
                2.626262626262621,
                2.5406504065040636,
                2.0181634712411745,
                3.560528992878942,
                0.7085020242915019,
                2.941176470588236,
                3.9473684210526327
              ]
            },
            {
              "label": "ip-172-31-50-20",
              "data": [
                37.487231869254344,
                33.808553971486766,
                2.6639344262295084,
                3.9215686274509776,
                5.567010309278353,
                1.5182186234817818,
                2.9471544715447107,
                1.1133603238866363,
                3.258655804480648,
                0,
                2.339776195320442,
                3.367346938775506,
                3.4587995930823956,
                4.056795131845847
              ]
            },
            {
              "label": "ip-172-31-59-28",
              "data": [
                39.47100712105799,
                34.496919917864474,
                1.4329580348004134,
                3.166496424923393,
                3.8894575230296824,
                2.4316109422492405,
                3.34008097165992,
                0,
                3.258655804480648,
                2.127659574468088,
                3.7639877924720233,
                2.429149797570851,
                2.5432349949135347,
                2.0222446916076886
              ]
            },
            {
              "label": "ip-172-31-52-239",
              "data": [
                39.857288481141694,
                33.57142857142858,
                3.9054470709146916,
                4.933196300102772,
                5.846153846153845,
                2.3302938196555267,
                3.0518819938962327,
                2.626262626262621,
                2.030456852791873,
                2.5458248472505107,
                2.738336713995948,
                4.679552390640895,
                2.535496957403649,
                4.883011190233977
              ]
            }
          ]
        },
        "options": {
          "legend": {
            "display": false
          },
          "scales": {
            "xAxes": [
              {
                "scaleLabel": {
                  "display": true,
                  "labelString": "Time since experiment start (seconds)"
                }
              }
            ],
            "yAxes": [
              {
                "scaleLabel": {
                  "display": true,
                  "labelString": "CPU Utilization (%)"
                },
                "ticks": {
                  "suggestedMin": 0,
                  "suggestedMax": 100
                }
              }
            ]
          }
        }
      },
      "memUsage": {
        "type": "line",
        "data": {
          "labels": [
            0,
            30,
            60,
            90,
            120,
            150,
            180,
            210,
            240,
            270,
            300,
            330,
            360,
            390
          ],
          "datasets": [
            {
              "label": "ip-172-31-61-188",
              "data": [
                33.31317176676004,
                57.145220044903525,
                61.563147788197846,
                61.584141264071505,
                61.664298171952716,
                61.37993199875507,
                61.716121227780675,
                61.73001900668071,
                61.46884842221061,
                61.79784408258021,
                61.844724618447245,
                61.88240521616919,
                61.541371338865034,
                61.41262114067489
              ]
            },
            {
              "label": "ip-172-31-50-139",
              "data": [
                32.88708739745494,
                57.666729304543395,
                61.75615074588009,
                61.12756986570047,
                61.41134880880376,
                61.75761882111601,
                61.77508891642345,
                61.79578877724992,
                61.54323090083054,
                61.60312837045606,
                61.042617245381926,
                61.93163467241369,
                61.31186224364959,
                61.84095655867505
              ]
            },
            {
              "label": "ip-172-31-50-20",
              "data": [
                33.09726683539744,
                57.58843195862768,
                61.34396415547504,
                61.689500130169336,
                61.721161619424,
                61.446533678624625,
                61.446582614465825,
                61.45431447737501,
                61.79554409804393,
                61.832392786465526,
                61.59534757170568,
                61.61051768247685,
                61.59725606951238,
                61.78531650723369
              ]
            },
            {
              "label": "ip-172-31-59-28",
              "data": [
                33.17067059719343,
                57.10122672366713,
                61.310834590984456,
                61.229894709644086,
                60.94503917803446,
                61.621919733475835,
                61.64472383547379,
                61.65500036212522,
                61.38384686605085,
                61.754878414008964,
                61.786246288216454,
                61.56197332800911,
                61.52448847365197,
                61.429406134205564
              ]
            },
            {
              "label": "ip-172-31-52-239",
              "data": [
                33.62068459284402,
                57.377861033955604,
                61.4563208468641,
                61.19167581766898,
                61.771761279222034,
                61.719253121617314,
                61.42524658770378,
                61.7450912457695,
                61.46904416557539,
                61.48768872107158,
                61.49380570122125,
                61.52967567281888,
                61.490771679067,
                61.659159908627004
              ]
            }
          ]
        },